date,rcp26,rcp45,rcp60,rcp85,ssp119,ssp126,ssp245,ssp370,ssp434,ssp460,ssp585
1765-01-01,0.0,0.0,0.0,0.0,0.0,0.0,0.0,0.0,0.0,0.0,0.0
1766-01-01,0.0362356726075043,0.0362356726075043,0.0362356726075043,0.0362356726075043,0.0129419854744011,0.0129419854744011,0.0129419854744011,0.0129419854744011,0.0129419854744011,0.0129419854744011,0.0129419854744011
1767-01-01,0.051245640646958,0.051245640646958,0.051245640646958,0.051245640646958,-0.0206762927487274,-0.0206762927487274,-0.0206762927487274,-0.0206762927487274,-0.0206762927487274,-0.0206762927487274,-0.0206762927487274
1768-01-01,0.063496266633894,0.063496266633894,0.063496266633894,0.063496266633894,-0.0235045886048274,-0.0235045886048274,-0.0235045886048274,-0.0235045886048274,-0.0235045886048274,-0.0235045886048274,-0.0235045886048274
1769-01-01,0.0757622230494527,0.0757622230494527,0.0757622230494527,0.0757622230494527,0.0134105256466713,0.0134105256466713,0.0134105256466713,0.0134105256466713,0.0134105256466713,0.0134105256466713,0.0134105256466713
1770-01-01,0.0761105912143094,0.0761105912143094,0.0761105912143094,0.0761105912143094,0.0316725271657026,0.0316725271657026,0.0316725271657026,0.0316725271657026,0.0316725271657026,0.0316725271657026,0.0316725271657026
1771-01-01,0.0766722223395189,0.0766722223395189,0.0766722223395189,0.0766722223395189,0.0390472485847931,0.0390472485847931,0.0390472485847931,0.0390472485847931,0.0390472485847931,0.0390472485847931,0.0390472485847931
1772-01-01,0.0827126509544394,0.0827126509544394,0.0827126509544394,0.0827126509544394,0.0436319459648657,0.0436319459648657,0.0436319459648657,0.0436319459648657,0.0436319459648657,0.0436319459648657,0.0436319459648657
1773-01-01,0.0870515654732575,0.0870515654732575,0.0870515654732575,0.0870515654732575,0.0469536913231124,0.0469536913231124,0.0469536913231124,0.0469536913231124,0.0469536913231124,0.0469536913231124,0.0469536913231124
1774-01-01,0.0891145394464101,0.0891145394464101,0.0891145394464101,0.0891145394464101,0.0459462287416054,0.0459462287416054,0.0459462287416054,0.0459462287416054,0.0459462287416054,0.0459462287416054,0.0459462287416054
1775-01-01,0.0913161401259409,0.0913161401259409,0.0913161401259409,0.0913161401259409,0.0449988116891567,0.0449988116891567,0.0449988116891567,0.0449988116891567,0.0449988116891567,0.0449988116891567,0.0449988116891567
1776-01-01,0.0956322164420371,0.0956322164420371,0.0956322164420371,0.0956322164420371,0.044460200687681,0.044460200687681,0.044460200687681,0.044460200687681,0.044460200687681,0.044460200687681,0.044460200687681
1777-01-01,0.1018376412006182,0.1018376412006182,0.1018376412006182,0.1018376412006182,0.0451147873175884,0.0451147873175884,0.0451147873175884,0.0451147873175884,0.0451147873175884,0.0451147873175884,0.0451147873175884
1778-01-01,0.1083831695752115,0.1083831695752115,0.1083831695752115,0.1083831695752115,0.0498237276111402,0.0498237276111402,0.0498237276111402,0.0498237276111402,0.0498237276111402,0.0498237276111402,0.0498237276111402
1779-01-01,0.1148708872872043,0.1148708872872043,0.1148708872872043,0.1148708872872043,0.0605238409110264,0.0605238409110264,0.0605238409110264,0.0605238409110264,0.0605238409110264,0.0605238409110264,0.0605238409110264
1780-01-01,0.1191898692383136,0.1191898692383136,0.1191898692383136,0.1191898692383136,0.0714018855135399,0.0714018855135399,0.0714018855135399,0.0714018855135399,0.0714018855135399,0.0714018855135399,0.0714018855135399
1781-01-01,0.1214461868801176,0.1214461868801176,0.1214461868801176,0.1214461868801176,0.0782572074302989,0.0782572074302989,0.0782572074302989,0.0782572074302989,0.0782572074302989,0.0782572074302989,0.0782572074302989
1782-01-01,0.1235049007199438,0.1235049007199438,0.1235049007199438,0.1235049007199438,0.0819265885213233,0.0819265885213233,0.0819265885213233,0.0819265885213233,0.0819265885213233,0.0819265885213233,0.0819265885213233
1783-01-01,0.1227007415826827,0.1227007415826827,0.1227007415826827,0.1227007415826827,0.0748558572621113,0.0748558572621113,0.0748558572621113,0.0748558572621113,0.0748558572621113,0.0748558572621113,0.0748558572621113
1784-01-01,0.1142072687637349,0.1142072687637349,0.1142072687637349,0.1142072687637349,-0.0097237266576919,-0.0097237266576919,-0.0097237266576919,-0.0097237266576919,-0.0097237266576919,-0.0097237266576919,-0.0097237266576919
1785-01-01,0.101156283299153,0.101156283299153,0.101156283299153,0.101156283299153,-0.1342877480513989,-0.1342877480513989,-0.1342877480513989,-0.1342877480513989,-0.1342877480513989,-0.1342877480513989,-0.1342877480513989
1786-01-01,0.1044344238701354,0.1044344238701354,0.1044344238701354,0.1044344238701354,-0.1514018282669395,-0.1514018282669395,-0.1514018282669395,-0.1514018282669395,-0.1514018282669395,-0.1514018282669395,-0.1514018282669395
1787-01-01,0.1165598773993144,0.1165598773993144,0.1165598773993144,0.1165598773993144,-0.1198769131585227,-0.1198769131585227,-0.1198769131585227,-0.1198769131585227,-0.1198769131585227,-0.1198769131585227,-0.1198769131585227
1788-01-01,0.1256863890601343,0.1256863890601343,0.1256863890601343,0.1256863890601343,-0.0924370245983698,-0.0924370245983698,-0.0924370245983698,-0.0924370245983698,-0.0924370245983698,-0.0924370245983698,-0.0924370245983698
1789-01-01,0.1316024786469057,0.1316024786469057,0.1316024786469057,0.1316024786469057,-0.0478964137030045,-0.0478964137030045,-0.0478964137030045,-0.0478964137030045,-0.0478964137030045,-0.0478964137030045,-0.0478964137030045
1790-01-01,0.1036171735411477,0.1036171735411477,0.1036171735411477,0.1036171735411477,-0.0071773533301363,-0.0071773533301363,-0.0071773533301363,-0.0071773533301363,-0.0071773533301363,-0.0071773533301363,-0.0071773533301363
1791-01-01,0.0615635204143429,0.0615635204143429,0.0615635204143429,0.0615635204143429,0.017683500505471,0.017683500505471,0.017683500505471,0.017683500505471,0.017683500505471,0.017683500505471,0.017683500505471
1792-01-01,0.080475099400436,0.080475099400436,0.080475099400436,0.080475099400436,0.033851561906799,0.033851561906799,0.033851561906799,0.033851561906799,0.033851561906799,0.033851561906799,0.033851561906799
1793-01-01,0.1041882887058138,0.1041882887058138,0.1041882887058138,0.1041882887058138,0.0435375211010854,0.0435375211010854,0.0435375211010854,0.0435375211010854,0.0435375211010854,0.0435375211010854,0.0435375211010854
1794-01-01,0.117646391311134,0.117646391311134,0.117646391311134,0.117646391311134,0.0476210850941812,0.0476210850941812,0.0476210850941812,0.0476210850941812,0.0476210850941812,0.0476210850941812,0.0476210850941812
1795-01-01,0.120235551805405,0.120235551805405,0.120235551805405,0.120235551805405,0.0495156449889774,0.0495156449889774,0.0495156449889774,0.0495156449889774,0.0495156449889774,0.0495156449889774,0.0495156449889774
1796-01-01,0.1156928523458491,0.1156928523458491,0.1156928523458491,0.1156928523458491,0.0424226337872837,0.0424226337872837,0.0424226337872837,0.0424226337872837,0.0424226337872837,0.0424226337872837,0.0424226337872837
1797-01-01,0.1187768220016708,0.1187768220016708,0.1187768220016708,0.1187768220016708,0.018816691676356,0.018816691676356,0.018816691676356,0.018816691676356,0.018816691676356,0.018816691676356,0.018816691676356
1798-01-01,0.1263355929495955,0.1263355929495955,0.1263355929495955,0.1263355929495955,0.0063949184561876,0.0063949184561876,0.0063949184561876,0.0063949184561876,0.0063949184561876,0.0063949184561876,0.0063949184561876
1799-01-01,0.1327687138472594,0.1327687138472594,0.1327687138472594,0.1327687138472594,0.0250880170629069,0.0250880170629069,0.0250880170629069,0.0250880170629069,0.0250880170629069,0.0250880170629069,0.0250880170629069
1800-01-01,0.1379681331538761,0.1379681331538761,0.1379681331538761,0.1379681331538761,0.0372714210193706,0.0372714210193706,0.0372714210193706,0.0372714210193706,0.0372714210193706,0.0372714210193706,0.0372714210193706
1801-01-01,0.1434634888581367,0.1434634888581367,0.1434634888581367,0.1434634888581367,0.0479559062836889,0.0479559062836889,0.0479559062836889,0.0479559062836889,0.0479559062836889,0.0479559062836889,0.0479559062836889
1802-01-01,0.1487532371644694,0.1487532371644694,0.1487532371644694,0.1487532371644694,0.0588477343205831,0.0588477343205831,0.0588477343205831,0.0588477343205831,0.0588477343205831,0.0588477343205831,0.0588477343205831
1803-01-01,0.1512373586457459,0.1512373586457459,0.1512373586457459,0.1512373586457459,0.0678824066302118,0.0678824066302118,0.0678824066302118,0.0678824066302118,0.0678824066302118,0.0678824066302118,0.0678824066302118
1804-01-01,0.1516560325508942,0.1516560325508942,0.1516560325508942,0.1516560325508942,0.0735655036806501,0.0735655036806501,0.0735655036806501,0.0735655036806501,0.0735655036806501,0.0735655036806501,0.0735655036806501
1805-01-01,0.1538481143237966,0.1538481143237966,0.1538481143237966,0.1538481143237966,0.0780169762879771,0.0780169762879771,0.0780169762879771,0.0780169762879771,0.0780169762879771,0.0780169762879771,0.0780169762879771
1806-01-01,0.1535703863295506,0.1535703863295506,0.1535703863295506,0.1535703863295506,0.0796543377912989,0.0796543377912989,0.0796543377912989,0.0796543377912989,0.0796543377912989,0.0796543377912989,0.0796543377912989
1807-01-01,0.1537873435586006,0.1537873435586006,0.1537873435586006,0.1537873435586006,0.0802886616484606,0.0802886616484606,0.0802886616484606,0.0802886616484606,0.0802886616484606,0.0802886616484606,0.0802886616484606
1808-01-01,0.1527587268208637,0.1527587268208637,0.1527587268208637,0.1527587268208637,0.0788921386673616,0.0788921386673616,0.0788921386673616,0.0788921386673616,0.0788921386673616,0.0788921386673616,0.0788921386673616
1809-01-01,0.0502013683051814,0.0502013683051814,0.0502013683051814,0.0502013683051814,-0.0391862078522457,-0.0391862078522457,-0.0391862078522457,-0.0391862078522457,-0.0391862078522457,-0.0391862078522457,-0.0391862078522457
1810-01-01,-0.2155074835824495,-0.2155074835824495,-0.2155074835824495,-0.2155074835824495,-0.3004225995050864,-0.3004225995050864,-0.3004225995050864,-0.3004225995050864,-0.3004225995050864,-0.3004225995050864,-0.3004225995050864
1811-01-01,-0.2958894862977297,-0.2958894862977297,-0.2958894862977297,-0.2958894862977297,-0.2856836279116521,-0.2856836279116521,-0.2856836279116521,-0.2856836279116521,-0.2856836279116521,-0.2856836279116521,-0.2856836279116521
1812-01-01,-0.1737652608043155,-0.1737652608043155,-0.1737652608043155,-0.1737652608043155,-0.1785317227306849,-0.1785317227306849,-0.1785317227306849,-0.1785317227306849,-0.1785317227306849,-0.1785317227306849,-0.1785317227306849
1813-01-01,-0.1092230022744238,-0.1092230022744238,-0.1092230022744238,-0.1092230022744238,-0.1028778913772756,-0.1028778913772756,-0.1028778913772756,-0.1028778913772756,-0.1028778913772756,-0.1028778913772756,-0.1028778913772756
1814-01-01,-0.0739948977838369,-0.0739948977838369,-0.0739948977838369,-0.0739948977838369,-0.0510416957626649,-0.0510416957626649,-0.0510416957626649,-0.0510416957626649,-0.0510416957626649,-0.0510416957626649,-0.0510416957626649
1815-01-01,-0.163615347149729,-0.163615347149729,-0.163615347149729,-0.163615347149729,-0.1411910362811395,-0.1411910362811395,-0.1411910362811395,-0.1411910362811395,-0.1411910362811395,-0.1411910362811395,-0.1411910362811395
1816-01-01,-0.4933511315451986,-0.4933511315451986,-0.4933511315451986,-0.4933511315451986,-0.4459426106912936,-0.4459426106912936,-0.4459426106912936,-0.4459426106912936,-0.4459426106912936,-0.4459426106912936,-0.4459426106912936
1817-01-01,-0.5663039686523709,-0.5663039686523709,-0.5663039686523709,-0.5663039686523709,-0.5289175021489331,-0.5289175021489331,-0.5289175021489331,-0.5289175021489331,-0.5289175021489331,-0.5289175021489331,-0.5289175021489331
1818-01-01,-0.3662150913177612,-0.3662150913177612,-0.3662150913177612,-0.3662150913177612,-0.3600077986244125,-0.3600077986244125,-0.3600077986244125,-0.3600077986244125,-0.3600077986244125,-0.3600077986244125,-0.3600077986244125
1819-01-01,-0.2087905132573753,-0.2087905132573753,-0.2087905132573753,-0.2087905132573753,-0.2275697120057665,-0.2275697120057665,-0.2275697120057665,-0.2275697120057665,-0.2275697120057665,-0.2275697120057665,-0.2275697120057665
1820-01-01,-0.1004585369334868,-0.1004585369334868,-0.1004585369334868,-0.1004585369334868,-0.1450256735865593,-0.1450256735865593,-0.1450256735865593,-0.1450256735865593,-0.1450256735865593,-0.1450256735865593,-0.1450256735865593
1821-01-01,-0.0418484714123785,-0.0418484714123785,-0.0418484714123785,-0.0418484714123785,-0.0971460437376426,-0.0971460437376426,-0.0971460437376426,-0.0971460437376426,-0.0971460437376426,-0.0971460437376426,-0.0971460437376426
1822-01-01,-0.0016860063704252,-0.0016860063704252,-0.0016860063704252,-0.0016860063704252,-0.0706791762603968,-0.0706791762603968,-0.0706791762603968,-0.0706791762603968,-0.0706791762603968,-0.0706791762603968,-0.0706791762603968
1823-01-01,0.0275965267703797,0.0275965267703797,0.0275965267703797,0.0275965267703797,-0.0612165280896849,-0.0612165280896849,-0.0612165280896849,-0.0612165280896849,-0.0612165280896849,-0.0612165280896849,-0.0612165280896849
1824-01-01,0.0493082250806617,0.0493082250806617,0.0493082250806617,0.0493082250806617,-0.065496383487335,-0.065496383487335,-0.065496383487335,-0.065496383487335,-0.065496383487335,-0.065496383487335,-0.065496383487335
1825-01-01,0.0688587789681281,0.0688587789681281,0.0688587789681281,0.0688587789681281,-0.037088518959922,-0.037088518959922,-0.037088518959922,-0.037088518959922,-0.037088518959922,-0.037088518959922,-0.037088518959922
1826-01-01,0.0853049897309899,0.0853049897309899,0.0853049897309899,0.0853049897309899,-0.0070438853842466,-0.0070438853842466,-0.0070438853842466,-0.0070438853842466,-0.0070438853842466,-0.0070438853842466,-0.0070438853842466
1827-01-01,0.1008536283146943,0.1008536283146943,0.1008536283146943,0.1008536283146943,0.0171735630352677,0.0171735630352677,0.0171735630352677,0.0171735630352677,0.0171735630352677,0.0171735630352677,0.0171735630352677
1828-01-01,0.1131084370101731,0.1131084370101731,0.1131084370101731,0.1131084370101731,0.0342292345921475,0.0342292345921475,0.0342292345921475,0.0342292345921475,0.0342292345921475,0.0342292345921475,0.0342292345921475
1829-01-01,0.1255793930603514,0.1255793930603514,0.1255793930603514,0.1255793930603514,0.048297864978805,0.048297864978805,0.048297864978805,0.048297864978805,0.048297864978805,0.048297864978805,0.048297864978805
1830-01-01,0.1325727818356634,0.1325727818356634,0.1325727818356634,0.1325727818356634,0.0562502940602428,0.0562502940602428,0.0562502940602428,0.0562502940602428,0.0562502940602428,0.0562502940602428,0.0562502940602428
1831-01-01,0.107756208656803,0.107756208656803,0.107756208656803,0.107756208656803,0.0190166857983643,0.0190166857983643,0.0190166857983643,0.0190166857983643,0.0190166857983643,0.0190166857983643,0.0190166857983643
1832-01-01,0.0390603277874025,0.0390603277874025,0.0390603277874025,0.0390603277874025,-0.1239579716836573,-0.1239579716836573,-0.1239579716836573,-0.1239579716836573,-0.1239579716836573,-0.1239579716836573,-0.1239579716836573
1833-01-01,0.0109947003167907,0.0109947003167907,0.0109947003167907,0.0109947003167907,-0.1376085722070222,-0.1376085722070222,-0.1376085722070222,-0.1376085722070222,-0.1376085722070222,-0.1376085722070222,-0.1376085722070222
1834-01-01,0.0411836397543964,0.0411836397543964,0.0411836397543964,0.0411836397543964,-0.0897243727110161,-0.0897243727110161,-0.0897243727110161,-0.0897243727110161,-0.0897243727110161,-0.0897243727110161,-0.0897243727110161
1835-01-01,-0.0097554992748016,-0.0097554992748016,-0.0097554992748016,-0.0097554992748016,-0.100479983973785,-0.100479983973785,-0.100479983973785,-0.100479983973785,-0.100479983973785,-0.100479983973785,-0.100479983973785
1836-01-01,-0.1552075546805072,-0.1552075546805072,-0.1552075546805072,-0.1552075546805072,-0.188802781528642,-0.188802781528642,-0.188802781528642,-0.188802781528642,-0.188802781528642,-0.188802781528642,-0.188802781528642
1837-01-01,-0.1255892615015129,-0.1255892615015129,-0.1255892615015129,-0.1255892615015129,-0.1528165785228741,-0.1528165785228741,-0.1528165785228741,-0.1528165785228741,-0.1528165785228741,-0.1528165785228741,-0.1528165785228741
1838-01-01,-0.0417768204034554,-0.0417768204034554,-0.0417768204034554,-0.0417768204034554,-0.0798230340636114,-0.0798230340636114,-0.0798230340636114,-0.0798230340636114,-0.0798230340636114,-0.0798230340636114,-0.0798230340636114
1839-01-01,0.025459667241368,0.025459667241368,0.025459667241368,0.025459667241368,-0.0264636524429856,-0.0264636524429856,-0.0264636524429856,-0.0264636524429856,-0.0264636524429856,-0.0264636524429856,-0.0264636524429856
1840-01-01,0.0690966615121559,0.0690966615121559,0.0690966615121559,0.0690966615121559,0.0105380955074757,0.0105380955074757,0.0105380955074757,0.0105380955074757,0.0105380955074757,0.0105380955074757,0.0105380955074757
1841-01-01,0.0868554921428118,0.0868554921428118,0.0868554921428118,0.0868554921428118,0.0289902088090634,0.0289902088090634,0.0289902088090634,0.0289902088090634,0.0289902088090634,0.0289902088090634,0.0289902088090634
1842-01-01,0.1000681553100295,0.1000681553100295,0.1000681553100295,0.1000681553100295,0.0416415446225725,0.0416415446225725,0.0416415446225725,0.0416415446225725,0.0416415446225725,0.0416415446225725,0.0416415446225725
1843-01-01,0.1133592207302095,0.1133592207302095,0.1133592207302095,0.1133592207302095,0.0495761388187381,0.0495761388187381,0.0495761388187381,0.0495761388187381,0.0495761388187381,0.0495761388187381,0.0495761388187381
1844-01-01,0.1207508446288077,0.1207508446288077,0.1207508446288077,0.1207508446288077,0.0545231502439081,0.0545231502439081,0.0545231502439081,0.0545231502439081,0.0545231502439081,0.0545231502439081,0.0545231502439081
1845-01-01,0.1277670169946654,0.1277670169946654,0.1277670169946654,0.1277670169946654,0.0605227344958711,0.0605227344958711,0.0605227344958711,0.0605227344958711,0.0605227344958711,0.0605227344958711,0.0605227344958711
1846-01-01,0.1393049322288598,0.1393049322288598,0.1393049322288598,0.1393049322288598,0.0665347579885058,0.0665347579885058,0.0665347579885058,0.0665347579885058,0.0665347579885058,0.0665347579885058,0.0665347579885058
1847-01-01,0.1530097929661964,0.1530097929661964,0.1530097929661964,0.1530097929661964,0.0661064877134313,0.0661064877134313,0.0661064877134313,0.0661064877134313,0.0661064877134313,0.0661064877134313,0.0661064877134313
1848-01-01,0.1656195089361011,0.1656195089361011,0.1656195089361011,0.1656195089361011,0.0622255839891115,0.0622255839891115,0.0622255839891115,0.0622255839891115,0.0622255839891115,0.0622255839891115,0.0622255839891115
1849-01-01,0.1769921145267955,0.1769921145267955,0.1769921145267955,0.1769921145267955,0.0744283835801333,0.0744283835801333,0.0744283835801333,0.0744283835801333,0.0744283835801333,0.0744283835801333,0.0744283835801333
1850-01-01,0.1795069839250385,0.1795069839250385,0.1795069839250385,0.1795069839250385,0.0853709880764333,0.0853709880764333,0.0853709880764333,0.0853709880764333,0.0853709880764333,0.0853709880764333,0.0853709880764333
1851-01-01,0.1795289083352829,0.1795289083352829,0.1795289083352829,0.1795289083352829,0.0934318283509288,0.0934318283509288,0.0934318283509288,0.0934318283509288,0.0934318283509288,0.0934318283509288,0.0934318283509288
1852-01-01,0.1844954854683606,0.1844954854683606,0.1844954854683606,0.1844954854683606,0.0998206890304455,0.0998206890304455,0.0998206890304455,0.0998206890304455,0.0998206890304455,0.0998206890304455,0.0998206890304455
1853-01-01,0.188943299233133,0.188943299233133,0.188943299233133,0.188943299233133,0.0980736222376918,0.0980736222376918,0.0980736222376918,0.0980736222376918,0.0980736222376918,0.0980736222376918,0.0980736222376918
1854-01-01,0.1919909968329477,0.1919909968329477,0.1919909968329477,0.1919909968329477,0.0846478790372828,0.0846478790372828,0.0846478790372828,0.0846478790372828,0.0846478790372828,0.0846478790372828,0.0846478790372828
1855-01-01,0.1950303464888315,0.1950303464888315,0.1950303464888315,0.1950303464888315,0.0821452103716783,0.0821452103716783,0.0821452103716783,0.0821452103716783,0.0821452103716783,0.0821452103716783,0.0821452103716783
1856-01-01,0.1771719607314903,0.1771719607314903,0.1771719607314903,0.1771719607314903,0.0915775009480312,0.0915775009480312,0.0915775009480312,0.0915775009480312,0.0915775009480312,0.0915775009480312,0.0915775009480312
1857-01-01,0.0649470971133456,0.0649470971133456,0.0649470971133456,0.0649470971133456,0.091449487729179,0.091449487729179,0.091449487729179,0.091449487729179,0.091449487729179,0.091449487729179,0.091449487729179
1858-01-01,0.0178410587583632,0.0178410587583632,0.0178410587583632,0.0178410587583632,0.086569732240956,0.086569732240956,0.086569732240956,0.086569732240956,0.086569732240956,0.086569732240956,0.086569732240956
1859-01-01,0.0774520314395793,0.0774520314395793,0.0774520314395793,0.0774520314395793,0.0998212471317925,0.0998212471317925,0.0998212471317925,0.0998212471317925,0.0998212471317925,0.0998212471317925,0.0998212471317925
1860-01-01,0.1258640180377996,0.1258640180377996,0.1258640180377996,0.1258640180377996,0.1136528324457353,0.1136528324457353,0.1136528324457353,0.1136528324457353,0.1136528324457353,0.1136528324457353,0.1136528324457353
1861-01-01,0.1586394157466411,0.1586394157466411,0.1586394157466411,0.1586394157466411,0.1211382130894175,0.1211382130894175,0.1211382130894175,0.1211382130894175,0.1211382130894175,0.1211382130894175,0.1211382130894175
1862-01-01,0.1675412930235186,0.1675412930235186,0.1675412930235186,0.1675412930235186,0.0980713364050293,0.0980713364050293,0.0980713364050293,0.0980713364050293,0.0980713364050293,0.0980713364050293,0.0980713364050293
1863-01-01,0.1539500564269182,0.1539500564269182,0.1539500564269182,0.1539500564269182,0.0488479131196625,0.0488479131196625,0.0488479131196625,0.0488479131196625,0.0488479131196625,0.0488479131196625,0.0488479131196625
1864-01-01,0.1646362444635408,0.1646362444635408,0.1646362444635408,0.1646362444635408,0.0628452327832536,0.0628452327832536,0.0628452327832536,0.0628452327832536,0.0628452327832536,0.0628452327832536,0.0628452327832536
1865-01-01,0.1813587110618188,0.1813587110618188,0.1813587110618188,0.1813587110618188,0.0907809479164249,0.0907809479164249,0.0907809479164249,0.0907809479164249,0.0907809479164249,0.0907809479164249,0.0907809479164249
1866-01-01,0.1938283055816736,0.1938283055816736,0.1938283055816736,0.1938283055816736,0.1110091338035472,0.1110091338035472,0.1110091338035472,0.1110091338035472,0.1110091338035472,0.1110091338035472,0.1110091338035472
1867-01-01,0.2036897821369135,0.2036897821369135,0.2036897821369135,0.2036897821369135,0.1243564613708978,0.1243564613708978,0.1243564613708978,0.1243564613708978,0.1243564613708978,0.1243564613708978,0.1243564613708978
1868-01-01,0.2128511513729504,0.2128511513729504,0.2128511513729504,0.2128511513729504,0.1343047125488072,0.1343047125488072,0.1343047125488072,0.1343047125488072,0.1343047125488072,0.1343047125488072,0.1343047125488072
1869-01-01,0.225660387178777,0.225660387178777,0.225660387178777,0.225660387178777,0.1453021408238716,0.1453021408238716,0.1453021408238716,0.1453021408238716,0.1453021408238716,0.1453021408238716,0.1453021408238716
1870-01-01,0.2343789272924826,0.2343789272924826,0.2343789272924826,0.2343789272924826,0.1529660303961912,0.1529660303961912,0.1529660303961912,0.1529660303961912,0.1529660303961912,0.1529660303961912,0.1529660303961912
1871-01-01,0.2421397744418294,0.2421397744418294,0.2421397744418294,0.2421397744418294,0.160303280305422,0.160303280305422,0.160303280305422,0.160303280305422,0.160303280305422,0.160303280305422,0.160303280305422
1872-01-01,0.2490637623506634,0.2490637623506634,0.2490637623506634,0.2490637623506634,0.1664853542345997,0.1664853542345997,0.1664853542345997,0.1664853542345997,0.1664853542345997,0.1664853542345997,0.1664853542345997
1873-01-01,0.2480020350357394,0.2480020350357394,0.2480020350357394,0.2480020350357394,0.1625791638085796,0.1625791638085796,0.1625791638085796,0.1625791638085796,0.1625791638085796,0.1625791638085796,0.1625791638085796
1874-01-01,0.2430691122654537,0.2430691122654537,0.2430691122654537,0.2430691122654537,0.1508908753929405,0.1508908753929405,0.1508908753929405,0.1508908753929405,0.1508908753929405,0.1508908753929405,0.1508908753929405
1875-01-01,0.2463800137580912,0.2463800137580912,0.2463800137580912,0.2463800137580912,0.1559431582608362,0.1559431582608362,0.1559431582608362,0.1559431582608362,0.1559431582608362,0.1559431582608362,0.1559431582608362
1876-01-01,0.250301341685099,0.250301341685099,0.250301341685099,0.250301341685099,0.1636371133371292,0.1636371133371292,0.1636371133371292,0.1636371133371292,0.1636371133371292,0.1636371133371292,0.1636371133371292
1877-01-01,0.2473390360337283,0.2473390360337283,0.2473390360337283,0.2473390360337283,0.1680109357685891,0.1680109357685891,0.1680109357685891,0.1680109357685891,0.1680109357685891,0.1680109357685891,0.1680109357685891
1878-01-01,0.2465076315074955,0.2465076315074955,0.2465076315074955,0.2465076315074955,0.1720582078111429,0.1720582078111429,0.1720582078111429,0.1720582078111429,0.1720582078111429,0.1720582078111429,0.1720582078111429
1879-01-01,0.251518737847179,0.251518737847179,0.251518737847179,0.251518737847179,0.1769824717344459,0.1769824717344459,0.1769824717344459,0.1769824717344459,0.1769824717344459,0.1769824717344459,0.1769824717344459
1880-01-01,0.2604069492030635,0.2604069492030635,0.2604069492030635,0.2604069492030635,0.1831413600645402,0.1831413600645402,0.1831413600645402,0.1831413600645402,0.1831413600645402,0.1831413600645402,0.1831413600645402
1881-01-01,0.2696525176555679,0.2696525176555679,0.2696525176555679,0.2696525176555679,0.1878855208103858,0.1878855208103858,0.1878855208103858,0.1878855208103858,0.1878855208103858,0.1878855208103858,0.1878855208103858
1882-01-01,0.2812663159173497,0.2812663159173497,0.2812663159173497,0.2812663159173497,0.1930367396181241,0.1930367396181241,0.1930367396181241,0.1930367396181241,0.1930367396181241,0.1930367396181241,0.1930367396181241
1883-01-01,0.2604724974321664,0.2604724974321664,0.2604724974321664,0.2604724974321664,0.185125481956511,0.185125481956511,0.185125481956511,0.185125481956511,0.185125481956511,0.185125481956511,0.185125481956511
1884-01-01,0.0470103311386123,0.0470103311386123,0.0470103311386123,0.0470103311386123,0.0964149713661389,0.0964149713661389,0.0964149713661389,0.0964149713661389,0.0964149713661389,0.0964149713661389,0.0964149713661389
1885-01-01,-0.1015689795030303,-0.1015689795030303,-0.1015689795030303,-0.1015689795030303,-0.0090844723439054,-0.0090844723439054,-0.0090844723439054,-0.0090844723439054,-0.0090844723439054,-0.0090844723439054,-0.0090844723439054
1886-01-01,0.0126769010679411,0.0126769010679411,0.0126769010679411,0.0126769010679411,0.0464321162631792,0.0464321162631792,0.0464321162631792,0.0464321162631792,0.0464321162631792,0.0464321162631792,0.0464321162631792
1887-01-01,0.0247923194065645,0.0247923194065645,0.0247923194065645,0.0247923194065645,0.0946105561309328,0.0946105561309328,0.0946105561309328,0.0946105561309328,0.0946105561309328,0.0946105561309328,0.0946105561309328
1888-01-01,0.0740297221334866,0.0740297221334866,0.0740297221334866,0.0740297221334866,0.1244258181411011,0.1244258181411011,0.1244258181411011,0.1244258181411011,0.1244258181411011,0.1244258181411011,0.1244258181411011
1889-01-01,0.0946939351714434,0.0946939351714434,0.0946939351714434,0.0946939351714434,0.1548076341909575,0.1548076341909575,0.1548076341909575,0.1548076341909575,0.1548076341909575,0.1548076341909575,0.1548076341909575
1890-01-01,0.1087632561474393,0.1087632561474393,0.1087632561474393,0.1087632561474393,0.1723101847056626,0.1723101847056626,0.1723101847056626,0.1723101847056626,0.1723101847056626,0.1723101847056626,0.1723101847056626
1891-01-01,0.1077635661028965,0.1077635661028965,0.1077635661028965,0.1077635661028965,0.1778642615044476,0.1778642615044476,0.1778642615044476,0.1778642615044476,0.1778642615044476,0.1778642615044476,0.1778642615044476
1892-01-01,0.1457921928470879,0.1457921928470879,0.1457921928470879,0.1457921928470879,0.1838887343455009,0.1838887343455009,0.1838887343455009,0.1838887343455009,0.1838887343455009,0.1838887343455009,0.1838887343455009
1893-01-01,0.1768304726906478,0.1768304726906478,0.1768304726906478,0.1768304726906478,0.2014835252611685,0.2014835252611685,0.2014835252611685,0.2014835252611685,0.2014835252611685,0.2014835252611685,0.2014835252611685
1894-01-01,0.2101413494335407,0.2101413494335407,0.2101413494335407,0.2101413494335407,0.2204589655423206,0.2204589655423206,0.2204589655423206,0.2204589655423206,0.2204589655423206,0.2204589655423206,0.2204589655423206
1895-01-01,0.2377653298771626,0.2377653298771626,0.2377653298771626,0.2377653298771626,0.2331362238074269,0.2331362238074269,0.2331362238074269,0.2331362238074269,0.2331362238074269,0.2331362238074269,0.2331362238074269
1896-01-01,0.2472666426766554,0.2472666426766554,0.2472666426766554,0.2472666426766554,0.2416588259697974,0.2416588259697974,0.2416588259697974,0.2416588259697974,0.2416588259697974,0.2416588259697974,0.2416588259697974
1897-01-01,0.1816211708069736,0.1816211708069736,0.1816211708069736,0.1816211708069736,0.2460790300095084,0.2460790300095084,0.2460790300095084,0.2460790300095084,0.2460790300095084,0.2460790300095084,0.2460790300095084
1898-01-01,0.1811036180198956,0.1811036180198956,0.1811036180198956,0.1811036180198956,0.2507617258438612,0.2507617258438612,0.2507617258438612,0.2507617258438612,0.2507617258438612,0.2507617258438612,0.2507617258438612
1899-01-01,0.2220756620662192,0.2220756620662192,0.2220756620662192,0.2220756620662192,0.2549296922060778,0.2549296922060778,0.2549296922060778,0.2549296922060778,0.2549296922060778,0.2549296922060778,0.2549296922060778
1900-01-01,0.2552503075849807,0.2552503075849807,0.2552503075849807,0.2552503075849807,0.2596586377659449,0.2596586377659449,0.2596586377659449,0.2596586377659449,0.2596586377659449,0.2596586377659449,0.2596586377659449
1901-01-01,0.2753268013179825,0.2753268013179825,0.2753268013179825,0.2753268013179825,0.2627489469379249,0.2627489469379249,0.2627489469379249,0.2627489469379249,0.2627489469379249,0.2627489469379249,0.2627489469379249
1902-01-01,0.2906292904905115,0.2906292904905115,0.2906292904905115,0.2906292904905115,0.2638178611491474,0.2638178611491474,0.2638178611491474,0.2638178611491474,0.2638178611491474,0.2638178611491474,0.2638178611491474
1903-01-01,0.1776845692582727,0.1776845692582727,0.1776845692582727,0.1776845692582727,0.2344487241318051,0.2344487241318051,0.2344487241318051,0.2344487241318051,0.2344487241318051,0.2344487241318051,0.2344487241318051
1904-01-01,0.1137301293511878,0.1137301293511878,0.1137301293511878,0.1137301293511878,0.1822987019752723,0.1822987019752723,0.1822987019752723,0.1822987019752723,0.1822987019752723,0.1822987019752723,0.1822987019752723
1905-01-01,0.1738233926336687,0.1738233926336687,0.1738233926336687,0.1738233926336687,0.2012473927709625,0.2012473927709625,0.2012473927709625,0.2012473927709625,0.2012473927709625,0.2012473927709625,0.2012473927709625
1906-01-01,0.2315632251765984,0.2315632251765984,0.2315632251765984,0.2315632251765984,0.241121043823231,0.241121043823231,0.241121043823231,0.241121043823231,0.241121043823231,0.241121043823231,0.241121043823231
1907-01-01,0.2681938246123997,0.2681938246123997,0.2681938246123997,0.2681938246123997,0.2633733781532389,0.2633733781532389,0.2633733781532389,0.2633733781532389,0.2633733781532389,0.2633733781532389,0.2633733781532389
1908-01-01,0.2880315215002432,0.2880315215002432,0.2880315215002432,0.2880315215002432,0.2747959595947492,0.2747959595947492,0.2747959595947492,0.2747959595947492,0.2747959595947492,0.2747959595947492,0.2747959595947492
1909-01-01,0.2975813294870229,0.2975813294870229,0.2975813294870229,0.2975813294870229,0.2845098891349064,0.2845098891349064,0.2845098891349064,0.2845098891349064,0.2845098891349064,0.2845098891349064,0.2845098891349064
1910-01-01,0.3135780811261914,0.3135780811261914,0.3135780811261914,0.3135780811261914,0.2946101659885375,0.2946101659885375,0.2946101659885375,0.2946101659885375,0.2946101659885375,0.2946101659885375,0.2946101659885375
1911-01-01,0.3263861474044582,0.3263861474044582,0.3263861474044582,0.3263861474044582,0.3030646541634803,0.3030646541634803,0.3030646541634803,0.3030646541634803,0.3030646541634803,0.3030646541634803,0.3030646541634803
1912-01-01,0.339030505119373,0.339030505119373,0.339030505119373,0.339030505119373,0.3087160764511309,0.3087160764511309,0.3087160764511309,0.3087160764511309,0.3087160764511309,0.3087160764511309,0.3087160764511309
1913-01-01,0.3270044330618157,0.3270044330618157,0.3270044330618157,0.3270044330618157,0.2941101716482382,0.2941101716482382,0.2941101716482382,0.2941101716482382,0.2941101716482382,0.2941101716482382,0.2941101716482382
1914-01-01,0.3099673135072408,0.3099673135072408,0.3099673135072408,0.3099673135072408,0.2826692814964398,0.2826692814964398,0.2826692814964398,0.2826692814964398,0.2826692814964398,0.2826692814964398,0.2826692814964398
1915-01-01,0.3291549538377623,0.3291549538377623,0.3291549538377623,0.3291549538377623,0.2969553997353576,0.2969553997353576,0.2969553997353576,0.2969553997353576,0.2969553997353576,0.2969553997353576,0.2969553997353576
1916-01-01,0.3551095723540417,0.3551095723540417,0.3551095723540417,0.3551095723540417,0.3213551008878652,0.3213551008878652,0.3213551008878652,0.3213551008878652,0.3213551008878652,0.3213551008878652,0.3213551008878652
1917-01-01,0.3720202409341857,0.3720202409341857,0.3720202409341857,0.3720202409341857,0.3415727670068956,0.3415727670068956,0.3415727670068956,0.3415727670068956,0.3415727670068956,0.3415727670068956,0.3415727670068956
1918-01-01,0.3879719175401571,0.3879719175401571,0.3879719175401571,0.3879719175401571,0.357256579072233,0.357256579072233,0.357256579072233,0.357256579072233,0.357256579072233,0.357256579072233,0.357256579072233
1919-01-01,0.399553906996402,0.399553906996402,0.399553906996402,0.399553906996402,0.367575104746843,0.367575104746843,0.367575104746843,0.367575104746843,0.367575104746843,0.367575104746843,0.367575104746843
1920-01-01,0.4067227625841141,0.4067227625841141,0.4067227625841141,0.4067227625841141,0.3746010961735889,0.3746010961735889,0.3746010961735889,0.3746010961735889,0.3746010961735889,0.3746010961735889,0.3746010961735889
1921-01-01,0.3852622455903413,0.3852622455903413,0.3852622455903413,0.3852622455903413,0.3810636591299958,0.3810636591299958,0.3810636591299958,0.3810636591299958,0.3810636591299958,0.3810636591299958,0.3810636591299958
1922-01-01,0.39800364365152,0.39800364365152,0.39800364365152,0.39800364365152,0.3840803644745183,0.3840803644745183,0.3840803644745183,0.3840803644745183,0.3840803644745183,0.3840803644745183,0.3840803644745183
1923-01-01,0.4106506037542232,0.4106506037542232,0.4106506037542232,0.4106506037542232,0.3789389449114001,0.3789389449114001,0.3789389449114001,0.3789389449114001,0.3789389449114001,0.3789389449114001,0.3789389449114001
1924-01-01,0.421943095152563,0.421943095152563,0.421943095152563,0.421943095152563,0.3856255320812934,0.3856255320812934,0.3856255320812934,0.3856255320812934,0.3856255320812934,0.3856255320812934,0.3856255320812934
1925-01-01,0.4257891561070824,0.4257891561070824,0.4257891561070824,0.4257891561070824,0.3978048521426057,0.3978048521426057,0.3978048521426057,0.3978048521426057,0.3978048521426057,0.3978048521426057,0.3978048521426057
1926-01-01,0.4404823143527802,0.4404823143527802,0.4404823143527802,0.4404823143527802,0.4080884569708241,0.4080884569708241,0.4080884569708241,0.4080884569708241,0.4080884569708241,0.4080884569708241,0.4080884569708241
1927-01-01,0.4572312919378786,0.4572312919378786,0.4572312919378786,0.4572312919378786,0.4175997205122285,0.4175997205122285,0.4175997205122285,0.4175997205122285,0.4175997205122285,0.4175997205122285,0.4175997205122285
1928-01-01,0.466492268470897,0.466492268470897,0.466492268470897,0.466492268470897,0.4221618420836347,0.4221618420836347,0.4221618420836347,0.4221618420836347,0.4221618420836347,0.4221618420836347,0.4221618420836347
1929-01-01,0.4533212536930959,0.4533212536930959,0.4533212536930959,0.4533212536930959,0.4158747466652825,0.4158747466652825,0.4158747466652825,0.4158747466652825,0.4158747466652825,0.4158747466652825,0.4158747466652825
1930-01-01,0.451772087648679,0.451772087648679,0.451772087648679,0.451772087648679,0.4120346711375237,0.4120346711375237,0.4120346711375237,0.4120346711375237,0.4120346711375237,0.4120346711375237,0.4120346711375237
1931-01-01,0.4658869320146044,0.4658869320146044,0.4658869320146044,0.4658869320146044,0.4259530002903788,0.4259530002903788,0.4259530002903788,0.4259530002903788,0.4259530002903788,0.4259530002903788,0.4259530002903788
1932-01-01,0.4761042382732964,0.4761042382732964,0.4761042382732964,0.4761042382732964,0.4295443874522689,0.4295443874522689,0.4295443874522689,0.4295443874522689,0.4295443874522689,0.4295443874522689,0.4295443874522689
1933-01-01,0.4687506652197462,0.4687506652197462,0.4687506652197462,0.4687506652197462,0.4249055299018784,0.4249055299018784,0.4249055299018784,0.4249055299018784,0.4249055299018784,0.4249055299018784,0.4249055299018784
1934-01-01,0.4823376356875599,0.4823376356875599,0.4823376356875599,0.4823376356875599,0.4351408589565592,0.4351408589565592,0.4351408589565592,0.4351408589565592,0.4351408589565592,0.4351408589565592,0.4351408589565592
1935-01-01,0.4978350224180322,0.4978350224180322,0.4978350224180322,0.4978350224180322,0.4477876239777302,0.4477876239777302,0.4477876239777302,0.4477876239777302,0.4477876239777302,0.4477876239777302,0.4477876239777302
1936-01-01,0.5111423139761379,0.5111423139761379,0.5111423139761379,0.5111423139761379,0.4621278249385269,0.4621278249385269,0.4621278249385269,0.4621278249385269,0.4621278249385269,0.4621278249385269,0.4621278249385269
1937-01-01,0.5251934316858984,0.5251934316858984,0.5251934316858984,0.5251934316858984,0.4747074782962006,0.4747074782962006,0.4747074782962006,0.4747074782962006,0.4747074782962006,0.4747074782962006,0.4747074782962006
1938-01-01,0.5357784216705227,0.5357784216705227,0.5357784216705227,0.5357784216705227,0.4841596874740652,0.4841596874740652,0.4841596874740652,0.4841596874740652,0.4841596874740652,0.4841596874740652,0.4841596874740652
1939-01-01,0.5350580154000286,0.5350580154000286,0.5350580154000286,0.5350580154000286,0.4916788804741741,0.4916788804741741,0.4916788804741741,0.4916788804741741,0.4916788804741741,0.4916788804741741,0.4916788804741741
1940-01-01,0.5367165224091521,0.5367165224091521,0.5367165224091521,0.5367165224091521,0.4966390716863764,0.4966390716863764,0.4966390716863764,0.4966390716863764,0.4966390716863764,0.4966390716863764,0.4966390716863764
1941-01-01,0.5376018651565684,0.5376018651565684,0.5376018651565684,0.5376018651565684,0.4978025478251068,0.4978025478251068,0.4978025478251068,0.4978025478251068,0.4978025478251068,0.4978025478251068,0.4978025478251068
1942-01-01,0.5426871378190073,0.5426871378190073,0.5426871378190073,0.5426871378190073,0.4994746897975089,0.4994746897975089,0.4994746897975089,0.4994746897975089,0.4994746897975089,0.4994746897975089,0.4994746897975089
1943-01-01,0.5409091846727144,0.5409091846727144,0.5409091846727144,0.5409091846727144,0.5004340467259643,0.5004340467259643,0.5004340467259643,0.5004340467259643,0.5004340467259643,0.5004340467259643,0.5004340467259643
1944-01-01,0.5391580838060165,0.5391580838060165,0.5391580838060165,0.5391580838060165,0.5021236087684356,0.5021236087684356,0.5021236087684356,0.5021236087684356,0.5021236087684356,0.5021236087684356,0.5021236087684356
1945-01-01,0.5474589086914677,0.5474589086914677,0.5474589086914677,0.5474589086914677,0.5094650412522369,0.5094650412522369,0.5094650412522369,0.5094650412522369,0.5094650412522369,0.5094650412522369,0.5094650412522369
1946-01-01,0.5622368128772068,0.5622368128772068,0.5622368128772068,0.5622368128772068,0.5208298199200084,0.5208298199200084,0.5208298199200084,0.5208298199200084,0.5208298199200084,0.5208298199200084,0.5208298199200084
1947-01-01,0.5718006126528897,0.5718006126528897,0.5718006126528897,0.5718006126528897,0.5311173472208252,0.5311173472208252,0.5311173472208252,0.5311173472208252,0.5311173472208252,0.5311173472208252,0.5311173472208252
1948-01-01,0.5781620111928656,0.5781620111928656,0.5781620111928656,0.5781620111928656,0.5383670546528897,0.5383670546528897,0.5383670546528897,0.5383670546528897,0.5383670546528897,0.5383670546528897,0.5383670546528897
1949-01-01,0.5870211412748374,0.5870211412748374,0.5870211412748374,0.5870211412748374,0.5446760360721048,0.5446760360721048,0.5446760360721048,0.5446760360721048,0.5446760360721048,0.5446760360721048,0.5446760360721048
1950-01-01,0.5776406415037916,0.5776406415037916,0.5776406415037916,0.5776406415037916,0.5425197818866939,0.5425197818866939,0.5425197818866939,0.5425197818866939,0.5425197818866939,0.5425197818866939,0.5425197818866939
1951-01-01,0.5793852810781411,0.5793852810781411,0.5793852810781411,0.5793852810781411,0.5394309966006477,0.5394309966006477,0.5394309966006477,0.5394309966006477,0.5394309966006477,0.5394309966006477,0.5394309966006477
1952-01-01,0.583016857537118,0.583016857537118,0.583016857537118,0.583016857537118,0.5382941200236526,0.5382941200236526,0.5382941200236526,0.5382941200236526,0.5382941200236526,0.5382941200236526,0.5382941200236526
1953-01-01,0.5838774682751521,0.5838774682751521,0.5838774682751521,0.5838774682751521,0.5387650801122154,0.5387650801122154,0.5387650801122154,0.5387650801122154,0.5387650801122154,0.5387650801122154,0.5387650801122154
1954-01-01,0.5863104158668234,0.5863104158668234,0.5863104158668234,0.5863104158668234,0.5409683812534177,0.5409683812534177,0.5409683812534177,0.5409683812534177,0.5409683812534177,0.5409683812534177,0.5409683812534177
1955-01-01,0.5937791914039229,0.5937791914039229,0.5937791914039229,0.5937791914039229,0.5473004854226533,0.5473004854226533,0.5473004854226533,0.5473004854226533,0.5473004854226533,0.5473004854226533,0.5473004854226533
1956-01-01,0.6068016339813225,0.6068016339813225,0.6068016339813225,0.6068016339813225,0.5567309606067736,0.5567309606067736,0.5567309606067736,0.5567309606067736,0.5567309606067736,0.5567309606067736,0.5567309606067736
1957-01-01,0.6212659449693885,0.6212659449693885,0.6212659449693885,0.6212659449693885,0.5692590450291695,0.5692590450291695,0.5692590450291695,0.5692590450291695,0.5692590450291695,0.5692590450291695,0.5692590450291695
1958-01-01,0.6372360550547453,0.6372360550547453,0.6372360550547453,0.6372360550547453,0.5815982806714366,0.5815982806714366,0.5815982806714366,0.5815982806714366,0.5815982806714366,0.5815982806714366,0.5815982806714366
1959-01-01,0.6486398481463026,0.6486398481463026,0.6486398481463026,0.6486398481463026,0.5873639959932458,0.5873639959932458,0.5873639959932458,0.5873639959932458,0.5873639959932458,0.5873639959932458,0.5873639959932458
1960-01-01,0.6540101817035162,0.6540101817035162,0.6540101817035162,0.6540101817035162,0.5904885293291606,0.5904885293291606,0.5904885293291606,0.5904885293291606,0.5904885293291606,0.5904885293291606,0.5904885293291606
1961-01-01,0.6338437684708442,0.6338437684708442,0.6338437684708442,0.6338437684708442,0.5863721769511662,0.5863721769511662,0.5863721769511662,0.5863721769511662,0.5863721769511662,0.5863721769511662,0.5863721769511662
1962-01-01,0.6130646252539896,0.6130646252539896,0.6130646252539896,0.6130646252539896,0.5767151222993058,0.5767151222993058,0.5767151222993058,0.5767151222993058,0.5767151222993058,0.5767151222993058,0.5767151222993058
1963-01-01,0.5879059401333404,0.5879059401333404,0.5879059401333404,0.5879059401333404,0.5267366200921377,0.5267366200921377,0.5267366200921377,0.5267366200921377,0.5267366200921377,0.5267366200921377,0.5267366200921377
1964-01-01,0.3683396148239729,0.3683396148239729,0.3683396148239729,0.3683396148239729,0.4293683097699903,0.4293683097699903,0.4293683097699903,0.4293683097699903,0.4293683097699903,0.4293683097699903,0.4293683097699903
1965-01-01,0.3452076629768662,0.3452076629768662,0.3452076629768662,0.3452076629768662,0.4311679972509002,0.4311679972509002,0.4311679972509002,0.4311679972509002,0.4311679972509002,0.4311679972509002,0.4311679972509002
1966-01-01,0.4315862011149202,0.4315862011149202,0.4315862011149202,0.4315862011149202,0.4805639575390053,0.4805639575390053,0.4805639575390053,0.4805639575390053,0.4805639575390053,0.4805639575390053,0.4805639575390053
1967-01-01,0.5059154295455834,0.5059154295455834,0.5059154295455834,0.5059154295455834,0.527501132262782,0.527501132262782,0.527501132262782,0.527501132262782,0.527501132262782,0.527501132262782,0.527501132262782
1968-01-01,0.5522307328887244,0.5522307328887244,0.5522307328887244,0.5522307328887244,0.5446574549243456,0.5446574549243456,0.5446574549243456,0.5446574549243456,0.5446574549243456,0.5446574549243456,0.5446574549243456
1969-01-01,0.5207019693574014,0.5207019693574014,0.5207019693574014,0.5207019693574014,0.566758275866577,0.566758275866577,0.566758275866577,0.566758275866577,0.566758275866577,0.566758275866577,0.566758275866577
1970-01-01,0.5345552385294012,0.5345552385294012,0.5345552385294012,0.5345552385294012,0.5891247851781369,0.5891247851781369,0.5891247851781369,0.5891247851781369,0.5891247851781369,0.5891247851781369,0.5891247851781369
1971-01-01,0.5877197660640926,0.5877197660640926,0.5877197660640926,0.5877197660640926,0.6013716300240085,0.6013716300240085,0.6013716300240085,0.6013716300240085,0.6013716300240085,0.6013716300240085,0.6013716300240085
1972-01-01,0.6322863660797543,0.6322863660797543,0.6322863660797543,0.6322863660797543,0.6082858556911136,0.6082858556911136,0.6082858556911136,0.6082858556911136,0.6082858556911136,0.6082858556911136,0.6082858556911136
1973-01-01,0.6632537427249261,0.6632537427249261,0.6632537427249261,0.6632537427249261,0.6334176672176778,0.6334176672176778,0.6334176672176778,0.6334176672176778,0.6334176672176778,0.6334176672176778,0.6334176672176778
1974-01-01,0.6687157306908409,0.6687157306908409,0.6687157306908409,0.6687157306908409,0.6545896264762823,0.6545896264762823,0.6545896264762823,0.6545896264762823,0.6545896264762823,0.6545896264762823,0.6545896264762823
1975-01-01,0.6614818556515655,0.6614818556515655,0.6614818556515655,0.6614818556515655,0.657843313129531,0.657843313129531,0.657843313129531,0.657843313129531,0.657843313129531,0.657843313129531,0.657843313129531
1976-01-01,0.6397292467814055,0.6397292467814055,0.6397292467814055,0.6397292467814055,0.6472278552949192,0.6472278552949192,0.6472278552949192,0.6472278552949192,0.6472278552949192,0.6472278552949192,0.6472278552949192
1977-01-01,0.6884077856931248,0.6884077856931248,0.6884077856931248,0.6884077856931248,0.6774147099630599,0.6774147099630599,0.6774147099630599,0.6774147099630599,0.6774147099630599,0.6774147099630599,0.6774147099630599
1978-01-01,0.7428731217057003,0.7428731217057003,0.7428731217057003,0.7428731217057003,0.7140384048153264,0.7140384048153264,0.7140384048153264,0.7140384048153264,0.7140384048153264,0.7140384048153264,0.7140384048153264
1979-01-01,0.76624106512143,0.76624106512143,0.76624106512143,0.76624106512143,0.7490469542908853,0.7490469542908853,0.7490469542908853,0.7490469542908853,0.7490469542908853,0.7490469542908853,0.7490469542908853
1980-01-01,0.8045057770443508,0.8045057770443508,0.8045057770443508,0.8045057770443508,0.7761012871094044,0.7761012871094044,0.7761012871094044,0.7761012871094044,0.7761012871094044,0.7761012871094044,0.7761012871094044
1981-01-01,0.8426512140894126,0.8426512140894126,0.8426512140894126,0.8426512140894126,0.7983796162854796,0.7983796162854796,0.7983796162854796,0.7983796162854796,0.7983796162854796,0.7983796162854796,0.7983796162854796
1982-01-01,0.8600061015623085,0.8600061015623085,0.8600061015623085,0.8600061015623085,0.7981584158945333,0.7981584158945333,0.7981584158945333,0.7981584158945333,0.7981584158945333,0.7981584158945333,0.7981584158945333
1983-01-01,0.7358968956755039,0.7358968956755039,0.7358968956755039,0.7358968956755039,0.7935951538930772,0.7935951538930772,0.7935951538930772,0.7935951538930772,0.7935951538930772,0.7935951538930772,0.7935951538930772
1984-01-01,0.6950631146703444,0.6950631146703444,0.6950631146703444,0.6950631146703444,0.7620176469350549,0.7620176469350549,0.7620176469350549,0.7620176469350549,0.7620176469350549,0.7620176469350549,0.7620176469350549
1985-01-01,0.7611773193506848,0.7611773193506848,0.7611773193506848,0.7611773193506848,0.783396346544654,0.783396346544654,0.783396346544654,0.783396346544654,0.783396346544654,0.783396346544654,0.783396346544654
1986-01-01,0.8259191112471134,0.8259191112471134,0.8259191112471134,0.8259191112471134,0.8187146552086306,0.8187146552086306,0.8187146552086306,0.8187146552086306,0.8187146552086306,0.8187146552086306,0.8187146552086306
1987-01-01,0.8607149268259475,0.8607149268259475,0.8607149268259475,0.8607149268259475,0.8460105792668136,0.8460105792668136,0.8460105792668136,0.8460105792668136,0.8460105792668136,0.8460105792668136,0.8460105792668136
1988-01-01,0.9025234816982388,0.9025234816982388,0.9025234816982388,0.9025234816982388,0.8824266566294131,0.8824266566294131,0.8824266566294131,0.8824266566294131,0.8824266566294131,0.8824266566294131,0.8824266566294131
1989-01-01,0.9546498745064534,0.9546498745064534,0.9546498745064534,0.9546498745064534,0.927270814931838,0.927270814931838,0.927270814931838,0.927270814931838,0.927270814931838,0.927270814931838,0.927270814931838
1990-01-01,0.997689878186681,0.997689878186681,0.997689878186681,0.997689878186681,0.9611422386359,0.9611422386359,0.9611422386359,0.9611422386359,0.9611422386359,0.9611422386359,0.9611422386359
1991-01-01,1.0147730262231944,1.0147730262231944,1.0147730262231944,1.0147730262231944,0.9595353158151068,0.9595353158151068,0.9595353158151068,0.9595353158151068,0.9595353158151068,0.9595353158151068,0.9595353158151068
1992-01-01,0.7842811231263682,0.7842811231263682,0.7842811231263682,0.7842811231263682,0.8953564930130766,0.8953564930130766,0.8953564930130766,0.8953564930130766,0.8953564930130766,0.8953564930130766,0.8953564930130766
1993-01-01,0.6964212107369456,0.6964212107369456,0.6964212107369456,0.6964212107369456,0.7858858956893112,0.7858858956893112,0.7858858956893112,0.7858858956893112,0.7858858956893112,0.7858858956893112,0.7858858956893112
1994-01-01,0.80066933871674,0.80066933871674,0.80066933871674,0.80066933871674,0.8199546820840521,0.8199546820840521,0.8199546820840521,0.8199546820840521,0.8199546820840521,0.8199546820840521,0.8199546820840521
1995-01-01,0.9029482703065288,0.9029482703065288,0.9029482703065288,0.9029482703065288,0.9120219375937164,0.9120219375937164,0.9120219375937164,0.9120219375937164,0.9120219375937164,0.9120219375937164,0.9120219375937164
1996-01-01,0.9868270504588108,0.9868270504588108,0.9868270504588108,0.9868270504588108,0.979989344620831,0.979989344620831,0.979989344620831,0.979989344620831,0.979989344620831,0.979989344620831,0.979989344620831
1997-01-01,1.031622410577171,1.031622410577171,1.031622410577171,1.031622410577171,1.0190347399139048,1.0190347399139048,1.0190347399139048,1.0190347399139048,1.0190347399139048,1.0190347399139048,1.0190347399139048
1998-01-01,1.0714705750969151,1.0714705750969151,1.0714705750969151,1.0714705750969151,1.0611804625544952,1.0611804625544952,1.0611804625544952,1.0611804625544952,1.0611804625544952,1.0611804625544952,1.0611804625544952
1999-01-01,1.1304412284568923,1.1304412284568923,1.1304412284568923,1.1304412284568923,1.1066328917562314,1.1066328917562314,1.1066328917562314,1.1066328917562314,1.1066328917562314,1.1066328917562314,1.1066328917562314
2000-01-01,1.1857835485229662,1.1857835485229662,1.1857835485229662,1.1857835485229662,1.142222727087079,1.142222727087079,1.142222727087079,1.142222727087079,1.142222727087079,1.142222727087079,1.142222727087079
2001-01-01,1.2267620627309286,1.2267620627309286,1.2267620627309286,1.2267620627309286,1.1692996221715717,1.1692996221715717,1.1692996221715717,1.1692996221715717,1.1692996221715717,1.1692996221715717,1.1692996221715717
2002-01-01,1.253472247910755,1.253472247910755,1.253472247910755,1.253472247910755,1.1917996646123326,1.1917996646123326,1.1917996646123326,1.1917996646123326,1.1917996646123326,1.1917996646123326,1.1917996646123326
2003-01-01,1.2770053855837378,1.2770053855837378,1.2770053855837378,1.2770053855837378,1.2126134836890414,1.2126134836890414,1.2126134836890414,1.2126134836890414,1.2126134836890414,1.2126134836890414,1.2126134836890414
2004-01-01,1.2914226208658448,1.2914226208658448,1.2914226208658448,1.2914226208658448,1.2255626155591468,1.2255626155591468,1.2255626155591468,1.2255626155591468,1.2255626155591468,1.2255626155591468,1.2255626155591468
2005-01-01,1.3016390306777883,1.3016396663322838,1.3016398106685052,1.3016390874716608,1.2363680540130215,1.2363680540130215,1.2363680540130215,1.2363680540130215,1.2363680540130215,1.2363680540130215,1.2363680540130215
2006-01-01,1.3232026855570818,1.323270193901916,1.323250977989366,1.3231839068551303,1.2519224104875124,1.2519224104875124,1.2519224104875124,1.2519224104875124,1.2519224104875124,1.2519224104875124,1.2519224104875124
2007-01-01,1.2915362079897077,1.291594892275849,1.2915892167445946,1.2915407828706762,1.2629279835698402,1.2629279835698402,1.2629279835698402,1.2629279835698402,1.2629279835698402,1.2629279835698402,1.2629279835698402
2008-01-01,1.3058182028692968,1.3056994746554056,1.3057607503131048,1.3059635101105125,1.2865054718109803,1.2865054718109803,1.2865054718109803,1.2865054718109803,1.2865054718109803,1.2865054718109803,1.2865054718109803
2009-01-01,1.3293313184982636,1.3287593789435697,1.3289089759396877,1.3297894031671635,1.3089400564969116,1.3089400564969116,1.3089400564969116,1.3089400564969116,1.3089400564969116,1.3089400564969116,1.3089400564969116
2010-01-01,1.3478784061995075,1.3464519001132589,1.3466858057868605,1.348828514386687,1.3266042968466318,1.3266042968466318,1.3266042968466318,1.3266042968466318,1.3266042968466318,1.3266042968466318,1.3266042968466318
2011-01-01,1.3871791228082322,1.3845571413264304,1.3848882225333234,1.3887989985338178,1.360502706053921,1.360502706053921,1.360502706053921,1.360502706053921,1.360502706053921,1.360502706053921,1.360502706053921
2012-01-01,1.4157661774184664,1.411928664333493,1.4123227963880476,1.418742135511175,1.3870039003659578,1.3870039003659578,1.3870039003659578,1.3870039003659578,1.3870039003659578,1.3870039003659578,1.3870039003659578
2013-01-01,1.442676978205587,1.43798115720941,1.438268139580164,1.448100798323581,1.4195948357811616,1.4195948357811616,1.4195948357811616,1.4195948357811616,1.4195948357811616,1.4195948357811616,1.4195948357811616
2014-01-01,1.4590137490440296,1.4539801568891455,1.4539096442500936,1.4681445792690078,1.446049630666731,1.446049630666731,1.446049630666731,1.446049630666731,1.446049630666731,1.446049630666731,1.446049630666731
2015-01-01,1.469858105598755,1.465072230684514,1.4643655159158313,1.4839891965025584,1.4665521400402506,1.4665602839231486,1.4665288697711358,1.4663822355569116,1.466498075888517,1.4664981412615457,1.4664202324819724
2016-01-01,1.4836767636591532,1.4798468854441822,1.4776302207397105,1.5031129803606362,1.4881907576309064,1.4881636656666395,1.4875056966342086,1.4856959907489644,1.4867381321148103,1.486738181716758,1.4880973302051508
2017-01-01,1.4994755211372377,1.496891961119966,1.4925276256653186,1.525139636721781,1.5118707882759574,1.5116325925616565,1.510985966621576,1.5071654198878766,1.5095090956448678,1.509509120468184,1.5139919729375702
2018-01-01,1.5161323317534094,1.5151947647154245,1.508535091916725,1.54894705129716,1.537002105073492,1.5363817413524763,1.5365031438261056,1.5308517017092094,1.5344684154973738,1.5344684255902097,1.542717004662716
2019-01-01,1.5342127404826595,1.535338023870762,1.5251136228336024,1.5744108117433386,1.5625646979088668,1.5613891024609383,1.5630230048095275,1.556191672499834,1.5605555898172745,1.560555595623526,1.5741528665834592
2020-01-01,1.557863340588209,1.561305024384288,1.548011788622998,1.6065103042744726,1.5897483901204832,1.5875665411568942,1.5908895424545269,1.583005160762702,1.5886865839848503,1.588551373454636,1.6068538465534885
2021-01-01,1.5879186939220504,1.593844704549425,1.5776203860700695,1.6462548113751407,1.620553155016368,1.6164432527376629,1.620957885273551,1.614561325421968,1.620350653200774,1.619673676751906,1.6423018479718734
2022-01-01,1.6176375631201565,1.6266779844591943,1.6073933930737072,1.6868240259516067,1.6530828282905037,1.6471349859956632,1.6528129065225692,1.6489129199776016,1.6541630931290674,1.6529775100290245,1.6794751403600892
2023-01-01,1.6437846951693964,1.6566767893980978,1.634203286251246,1.7248689473819288,1.683994558519114,1.6767468061852542,1.6839217648472795,1.6831689987282967,1.687034123506424,1.6859550990412888,1.7162345037463038
2024-01-01,1.6651592169188705,1.6825647103856365,1.6568291972464426,1.7591363184168525,1.7116897364278298,1.7038463283241436,1.7129718058270005,1.7160001023826843,1.7174279529675176,1.7173681600790986,1.7515710166553162
2025-01-01,1.6808301032315136,1.7033512357856653,1.674313828975226,1.7886392702889995,1.73423916476651,1.7265818178019834,1.738154479571271,1.7455790304369565,1.7434268139202775,1.7454252874559546,1.7838005175655107
2026-01-01,1.6928376646244758,1.7210475861533832,1.6886766578028476,1.8153835091380015,1.7536300192716745,1.7469862915214194,1.761533028641809,1.7739435245555064,1.7670291537323974,1.772185970412338,1.815030847800244
2027-01-01,1.7043695491813189,1.7388266897153215,1.7030986265443624,1.8425362547678068,1.7704589325817848,1.7656817864762326,1.783756787333826,1.8017018603874868,1.7888496616777112,1.7982937427768126,1.845911979012089
2028-01-01,1.7166287388989865,1.7578877963242028,1.7187771875729874,1.871288172028387,1.7865881589130808,1.7845434492613774,1.806711072515628,1.830708707225458,1.8107603250415207,1.8256303831168492,1.8783284324425544
2029-01-01,1.729527149826294,1.7781372714955614,1.7356190496050732,1.901541037911576,1.8011138533384132,1.80267224369264,1.829506199551676,1.8600453075060044,1.831858724129109,1.853293739656782,1.911377356546201
2030-01-01,1.7428872228494972,1.7994285839723554,1.75301871726238,1.933310455546089,1.8135392399619907,1.8201947280231947,1.8530191686598951,1.890310960220816,1.8527398281251253,1.8818362701453115,1.9452510205848632
2031-01-01,1.7614526036040927,1.8266867413655248,1.7753401703431708,1.9717391274676348,1.8226372518414655,1.836637966763291,1.8775905058344415,1.921463435204635,1.8733394361037736,1.9111839272665851,1.9795187278329816
2032-01-01,1.7862061340081905,1.8607127229866731,1.8037829535576384,2.017625976243897,1.8312282446747472,1.853896455257689,1.903764853185565,1.954214874113985,1.8945324939219972,1.942093306956224,2.015481459646887
2033-01-01,1.810634263038838,1.8948491285150797,1.832183834023139,2.0643151509750424,1.841416396609928,1.8734527581995892,1.932845471096996,1.9900773450261628,1.9180342227872784,1.9760016679713488,2.0549261867244595
2034-01-01,1.831512978751321,1.9258861034688857,1.8575252100184496,2.108634109123747,1.853982668922846,1.8958287911539056,1.965398228797752,2.029705138362661,1.94461691988174,2.013518327097813,2.098605137152608
2035-01-01,1.847576385957045,1.9525649952302648,1.8786339608215712,2.1493306926791536,1.864334036132173,1.916293828837516,1.9966904825112712,2.068400989850892,1.9696448172258176,2.0499298864884787,2.141857357583297
2036-01-01,1.85785353707854,1.9739070801004333,1.894583327738057,2.185421387598544,1.8737816904131857,1.9360911314277425,2.0279496405852373,2.107406653973231,1.9943964494637592,2.0864694809067705,2.185945725422609
2037-01-01,1.8643714588572589,1.9919369060791177,1.907425768378132,2.218920086229903,1.8793926568967043,1.9522221152411527,2.0561573941205378,2.14370918085485,2.015889731646763,2.120121411061807,2.2278620030932963
2038-01-01,1.870323852958552,2.0098527398212758,1.9203720226696512,2.253016456683813,1.8836293930061383,1.9671165021104755,2.083728429390773,2.1797322541801054,2.0365621307263693,2.153305554315842,2.270030459565283
2039-01-01,1.8769135576721363,2.028857840743335,1.934636947029388,2.288905799389414,1.8847979521204965,1.9790514687626732,2.108921255725247,2.213731902663717,2.0546890656227568,2.1842795968987025,2.310700244162681
2040-01-01,1.8837646915606787,2.048889435621092,1.95041508046432,2.326411112242502,1.883645059409348,1.9885731650356115,2.132431496302037,2.246359703554614,2.071014147303016,2.213783443516375,2.350507179868542
2041-01-01,1.890441067244788,2.0698214392107994,1.967891080792752,2.365273126711905,1.8810984062235865,1.9965746621214493,2.1553283812050994,2.278647164556906,2.086633250937712,2.242948044401877,2.3906021118414404
2042-01-01,1.9019706300358885,2.096441603313202,1.991777323856518,2.410503211127921,1.8787988076541584,2.004758929841362,2.1792483146812534,2.3121616988259257,2.10303469390218,2.2732242890073366,2.432390923870366
2043-01-01,1.9194648285793,2.129620222598882,2.022806192609973,2.4631201733479324,1.877382616930406,2.0137849217313373,2.2045854544211574,2.347391718100717,2.120645215823731,2.304992419118493,2.476368977396272
2044-01-01,1.936437725690951,2.1627551130069227,2.0543412707575768,2.5165088179243766,1.877235863664268,2.0240447207166867,2.231587629137587,2.384644355164879,2.1397480157672275,2.3385105714262604,2.522870682230492
2045-01-01,1.9497368860250428,2.192628347283456,2.083146610934092,2.567414515367255,1.8800575089837208,2.037256863853099,2.2619018864278693,2.4255952778710563,2.1620023649651183,2.3754294985701456,2.573575909294913
2046-01-01,1.958148237737226,2.2179917626483525,2.107952860029671,2.6145552063572226,1.8835532840326357,2.0511231626076065,2.293181969385367,2.4679040212624788,2.1850670506207663,2.4134009819565625,2.6261349898152564
2047-01-01,1.9607261832032823,2.2378750302976904,2.1277792257626595,2.656932396577228,1.8873191182968097,2.0652382319180917,2.324993883689052,2.51113279387014,2.2085110534995303,2.451988795819108,2.680104361461076
2048-01-01,1.959528954678574,2.2543315036732623,2.1446662385384347,2.696592919335723,1.88876596342976,2.0770089144197312,2.3547169984133483,2.5526550205499925,2.229715541411232,2.4885637752498924,2.7328461885767337
2049-01-01,1.9577770501868457,2.270587567065018,2.161822466616514,2.736769418205582,1.8859413492415256,2.084474496938092,2.380363948407002,2.5904836915488376,2.246697210936558,2.5211357336159383,2.782350447286712
2050-01-01,1.956467163650716,2.287781636880904,2.180366812793854,2.77854710381888,1.8788813247933245,2.08776652923938,2.4020471947507738,2.624951472101771,2.2595469992681405,2.5499771750839555,2.828588322745432
2051-01-01,1.9553439736630385,2.3056735188392232,2.2000352656283755,2.821644406685059,1.8706503849560805,2.0899900735008536,2.422915523131581,2.659466982401136,2.2713420363327663,2.5783770732227915,2.8744925190259782
2052-01-01,1.9544207269232996,2.3240294763275875,2.2206387309454385,2.8659387530322955,1.862315095594096,2.091997826634937,2.443511171174966,2.694369580557246,2.282806492565123,2.6067969460777363,2.9209781023840176
2053-01-01,1.958799657338942,2.3477831036227905,2.247221527056439,2.916461125826271,1.8542004861525556,2.094030852031981,2.4640839464798816,2.729822470325692,2.294265826262916,2.635387586125959,2.968265752328427
2054-01-01,1.969519183326616,2.377877287577207,2.2807944163613443,2.974173127792217,1.847676530683868,2.09742928572042,2.4860127600917807,2.7671910876936407,2.307124252981837,2.6654846264954384,3.01768276545976
2055-01-01,1.9800406928392835,2.4076766867384727,2.3147636085132324,3.03238121159818,1.8438330700385024,2.1032737177127125,2.510403575990222,2.8075695798237343,2.322496131053917,2.698172488344785,3.0703170791412493
2056-01-01,1.987179351391814,2.433947137102765,2.3459130356030395,3.087802017455838,1.842131434077612,2.111019652605917,2.536724107607691,2.850407101473565,2.339853558215616,2.7329059396512347,3.1256206576786467
2057-01-01,1.98970571153808,2.455422412787566,2.3729823548381384,3.1391322027477355,1.8391279245205008,2.1172038831321998,2.561493705860721,2.8921954058722887,2.3557313356392964,2.7661862155868437,3.1800733795038334
2058-01-01,1.98665913960118,2.471122808955641,2.394989461151025,3.185357577434691,1.835356946101752,2.122359774000898,2.585249292680393,2.9334609912476237,2.370665696213303,2.7985436394061325,3.234204855372576
2059-01-01,1.98009040925242,2.4831048131240534,2.413980076036592,3.228529581780676,1.8312564527366288,2.126924004326165,2.6084409676584426,2.9746381487621663,2.385102174034394,2.830423331286572,3.288457896839707
2060-01-01,1.9733521697283984,2.4945986224937045,2.433652224549517,3.2718643826365303,1.8244779365896684,2.128469462140922,2.628643727973385,3.01335633484838,2.39649952458011,2.859469070573351,3.340579482661821
2061-01-01,1.967778954477885,2.5068098702383885,2.455799005147461,3.316553288330403,1.816106972520044,2.128015482028331,2.646871636745028,3.0507190205678865,2.4057668033798105,2.886794461773476,3.3918773897811856
2062-01-01,1.9631622339547687,2.5196182673091565,2.4800859065445806,3.362518049237679,1.8073721338658384,2.126733413507577,2.6642578898926983,3.0878618058383607,2.414294384173862,2.913534537146187,3.4431828146435115
2063-01-01,1.9593125758787484,2.532847578963059,2.5059662891842174,3.409530396805261,1.7993778774667355,2.125816144371963,2.6820201640076946,3.1259244025883377,2.4232842933786576,2.9407793101240136,3.49562705399469
2064-01-01,1.96116179505046,2.5514453638648584,2.5382519692916747,3.462557701517935,1.7921780229406896,2.125374790113161,2.700282130321393,3.164983195420539,2.4328295416140606,2.968579059493516,3.5493203287100203
2065-01-01,1.9696514825277949,2.5763632912177323,2.577834372697022,3.522567371233185,1.7861985946424963,2.1258633571538423,2.719511099214708,3.2054852268672263,2.4433799963629683,2.9973703490334915,3.60472043685848
2066-01-01,1.97818538552542,2.6009493303354114,2.6180173576600616,3.582811261408068,1.7831847800485263,2.129051420747101,2.7415042037288444,3.249225825321192,2.4567202021119616,3.028940510249561,3.663638717599241
2067-01-01,1.9835458101830248,2.621944707628699,2.6555075807586976,3.639943413943346,1.781839737030236,2.133650937859167,2.764974400019536,3.294900864739364,2.4715625865312,3.061989561117967,3.724765378220122
2068-01-01,1.984473828640806,2.638074761588628,2.689006514213038,3.692651480165977,1.7801831931085916,2.137677347971702,2.7879220262481663,3.340487235897591,2.4859161217780765,3.0945049002601226,3.786062675264519
2069-01-01,1.9799921367162123,2.6483572903400168,2.717500868269917,3.739919054136121,1.776251985063065,2.139160844312909,2.808362667537765,3.383968656695852,2.4977991866539964,3.124484155823518,3.845495855242477
2070-01-01,1.972140957214255,2.654838124079129,2.742793895867813,3.783774745708385,1.769898468272828,2.137914971570344,2.826035071778442,3.425105681164873,2.507068920340404,3.15182574246074,3.9029264510543817
2071-01-01,1.964173704454428,2.66073747050812,2.767852144682712,3.827477275791914,1.7615394473629693,2.134313593536993,2.841250953616832,3.464264087395156,2.514128716590087,3.177056173622607,3.9588852307674807
2072-01-01,1.9573644141889244,2.66725251865765,2.793952999186058,3.872331688154593,1.753114265807978,2.130254472904721,2.856099224268226,3.5034733220367307,2.520732943341189,3.201981725465682,4.015236420305106
2073-01-01,1.95163596351296,2.6742836967403343,2.8210899157544587,3.9182618232551154,1.7450363966420503,2.126178548026224,2.87099097861218,3.543216184256045,2.5273115792450307,3.2269512416608483,4.072284822395066
2074-01-01,1.9468340623732745,2.681657267054136,2.849113836876476,3.965096239377391,1.7366601963680777,2.121451289925005,2.8852433670898,3.5828563512059586,2.533234647724446,3.251280430522057,4.129300729573461
2075-01-01,1.9478623226307168,2.6943360802263974,2.883006665645051,4.017891670468171,1.728633752860167,2.1167338246119374,2.8995094860770694,3.623071985799104,2.5391702493934885,3.275623541535321,4.186923329444769
2076-01-01,1.9556510730017924,2.7132822423357403,2.9237530764613617,4.077669908644564,1.720847318937971,2.1119217414582807,2.913675526467195,3.6637590987280713,2.5450146091598924,3.299864959473536,4.245023919424322
2077-01-01,1.9635995883678976,2.7318247427602715,2.96467177636753,4.137657436948951,1.7142112858692742,2.1079363120618493,2.928676374687997,3.705866491662795,2.551696263500454,3.324944983794581,4.304542734869469
2078-01-01,1.9684896889669716,2.746696979778,3.00247621109287,4.194471297230729,1.7094885062582772,2.105548860275144,2.945300152736304,3.75019471346896,2.5600014562440423,3.351656259044146,4.366280117851948
2079-01-01,1.969063329810837,2.756628452762288,3.0358727526418163,4.246757096272575,1.7060891271318734,2.104171993397118,2.96295620476631,3.796148645179911,2.569342910227446,3.379406703326848,4.429633362422359
2080-01-01,1.96427815237986,2.760386956320904,3.063637603779977,4.293665949022702,1.7027831117767511,2.102581509712288,2.980462065854468,3.8424895771389407,2.5787977165113136,3.406873941976793,4.493442442098993
2081-01-01,1.9561144238703645,2.759841690135873,3.087521772317191,4.337460416620059,1.698225490003495,2.099383139048584,2.996521761622491,3.8878004534804256,2.587206430736274,3.43258849557695,4.556432554812452
2082-01-01,1.947887869267016,2.7587059969794243,3.110752948556882,4.381381539998267,1.6925832319881151,2.0948607487728377,3.011221094661005,3.93226791587388,2.5941613727197588,3.456778123504836,4.618259355320619
2083-01-01,1.940840073008215,2.7585570367618746,3.134459594743205,4.4265996033409,1.6850112126366803,2.0882617041609643,3.023667509839949,3.975008793805822,2.5987224778001994,3.478613849539145,4.6778659602934285
2084-01-01,1.9348665502855056,2.7594345483042333,3.1584251858790835,4.473012667273357,1.676896561837036,2.081027436868589,3.0352664907497804,4.017439763154452,2.6022929333857374,3.499529804882422,4.736634013631804
2085-01-01,1.9297975672703689,2.761235722578518,3.182427637210142,4.520446498580911,1.667107350455981,2.072046761830288,3.0448695299078565,4.0584056757896,2.60373185452634,3.518388682114911,4.793377734381947
2086-01-01,1.9305327589682757,2.7689642462957917,3.211450437115853,4.573991829016991,1.656980568876205,2.062679432326733,3.053836111531835,4.099286682489456,2.6043887753379598,3.53657281592921,4.849467583694069
2087-01-01,1.9380004905680024,2.783600885513766,3.2464642031020707,4.634648662532454,1.6478490121297693,2.054270070297286,3.063518800952225,4.141448217107917,2.6056128230177262,3.555452040135851,4.906275669067483
2088-01-01,1.9456006113768445,2.7984741119569554,3.280757222196068,4.69558753120486,1.639558832779005,2.0466744521647118,3.0737649349127967,4.184742942078981,2.607255185096427,3.5748868267208977,4.963651502437532
2089-01-01,1.9501155052469088,2.8103134521866417,3.3110241895806265,4.753411681096952,1.633120733851515,2.040913727975129,3.0856135318039475,4.230227384741097,2.610347970426287,3.5959350145489157,5.022666238269511
2090-01-01,1.9503143267726424,2.817834198128872,3.3359629005226417,4.806596166881136,1.629024162496072,2.037506474319054,3.0994189151931386,4.278428183766898,2.6152563193586937,3.618932709905927,5.08381655783841
2091-01-01,1.945232100442449,2.820046840061503,3.354615283641972,4.853908659071949,1.625642762041026,2.034825470286488,3.113402461779517,4.3276962265460215,2.6202522474252627,3.6420815244552527,5.145457970497613
2092-01-01,1.9368732730324516,2.8190152226019007,3.369221280866585,4.897523595547729,1.623123104481133,2.033061187750584,3.1279108083538256,4.378185236068758,2.6256458050029536,3.665676676004432,5.207627616418451
2093-01-01,1.9284482322755017,2.8179932655097923,3.383270675930729,4.94083231894733,1.6175205526333876,2.02831819526658,3.1390005822759144,4.4257825385975975,2.6274720363114605,3.685744539318429,5.266201770813476
2094-01-01,1.9211813796948485,2.818218877056739,3.3981637618084046,4.985121356676967,1.6084771053435862,2.0202706528226804,3.1463221701784594,4.470068566854571,2.6253579123660957,3.701924087177207,5.320777573786146
2095-01-01,1.9149932452274347,2.819610914920266,3.413899458398364,5.030320501728112,1.5979229768655674,2.010883243678955,3.1518673238905217,4.513035534264287,2.621271991792416,3.7162229279509993,5.373392949691816
2096-01-01,1.909723916291659,2.822006670562204,3.430365112711325,5.076283797862658,1.586277995655308,2.0005918289684206,3.156082651107844,4.555128929330506,2.615654134853714,3.729097916392344,5.42449890613352
2097-01-01,1.9102777624532528,2.830384404799232,3.452615169945836,5.12815243644539,1.5751789610708729,1.991043328283167,3.1606526582451453,4.598052644001451,2.610170159142014,3.742250336566957,5.475838415105367
2098-01-01,1.91759204483023,2.845706600849827,3.4816693192553383,5.186981727615025,1.5645296966944908,1.982131605384548,3.165479433737675,4.641708020543477,2.6047188670848445,3.755587286863965,5.527330326869141
2099-01-01,1.925074745418304,2.861285924942035,3.510825678237002,5.245901566313821,1.5555644443043466,1.9750961690761843,3.1718290481287155,4.687387181593118,2.600557353465736,3.770395618484895,5.579257425379569
2100-01-01,1.929342402832949,2.873760401538727,3.536678771441724,5.300258550041525,1.5488018516645456,1.970413504447486,3.180340536217558,4.7357936329617205,2.59805548929893,3.787289702758803,5.635053626144982
2101-01-01,1.9289794172140613,2.881775424233898,3.5578029233321944,5.351375668276436,1.543575720297918,1.967399301955001,3.1904374762987,4.786435121978599,2.5964239221466463,3.805604502119893,5.691693963734838
2102-01-01,1.923215784409388,2.884397947808817,3.573340878557094,5.396279332112634,1.5365240112621177,1.962766559756553,3.1987135108949607,4.83531274618966,2.592856373850855,3.821977834468584,5.74597759929776
2103-01-01,1.9142051343906887,2.88367012816748,3.585426220956472,5.4370997320782,1.5281834507809604,1.9569642425757692,3.2055923048282886,4.882553061397815,2.587875875791007,3.836851994666906,5.798436954083612
2104-01-01,1.9051535008895333,2.8828051372734547,3.597328364886049,5.477392991297683,1.5183645066391156,1.94974276774171,3.2108161058986493,4.927751751617116,2.581231041766084,3.849970795281997,5.848717000649532
2105-01-01,1.89727025616312,2.8830206839484505,3.610289566793408,5.518524443426279,1.5066435856304787,1.9406470235123936,3.2139230883152785,4.970360224213123,2.5724757793433493,3.8608711284911736,5.896309351128173
2106-01-01,1.890471506256375,2.884221755502397,3.624220018958812,5.560460232049076,1.494674565953237,1.9313269107204645,3.2166011229716376,5.012059672635325,2.5632913222342166,3.8712551862987072,5.942962468458054
2107-01-01,1.8845965426403208,2.8862364853845186,3.6389453287895086,5.603065242945452,1.482969840996765,1.9222916563648664,3.2193820695480606,5.053380100707527,2.554207711945039,3.881668582470075,5.989208841222167
2108-01-01,1.8845471248486156,2.894039356699421,3.659494245182025,5.651582545935326,1.4722794587250378,1.9142894229663712,3.223041167560813,5.095109378518731,2.545997105468427,3.8928977701929863,6.035860792369339
2109-01-01,1.891261145082777,2.9085950325137326,3.686850943547975,5.707018348620255,1.4630204451370676,1.9077378630854185,3.228016120429856,5.137700663549344,2.5390933004246947,3.905392663717957,6.08338705392219
2110-01-01,1.8981521053957489,2.9232149965047163,3.714253749250609,5.762404383288473,1.4560865453621317,1.903536215187117,3.235245329763464,5.182126870889211,2.5344213634537525,3.920105900495082,6.132786677000301
2111-01-01,1.9020154856811076,2.934617433410019,3.7383706472481113,5.814369221479278,1.452954476416308,1.903180742380605,3.246276486538096,5.2300027005498375,2.533506917608003,3.938610957575799,6.18379208567361
2112-01-01,1.90158542786163,2.941503395331641,3.757856695288356,5.861541860091098,1.44824741414314,1.9012496873624165,3.255584252806515,5.274619261560053,2.5308810396908443,3.955333067775192,6.235305518319126
2113-01-01,1.8958675349321277,2.942861982282698,3.771649981453816,5.902810270187167,1.4420828000672927,1.8978520464007715,3.263256879108525,5.318924407643935,2.52664063419918,3.970346613171123,6.284564539017337
2114-01-01,1.8868909108299068,2.94075837020029,3.781813360514144,5.940322048119401,1.4326958649148698,1.891201783073136,3.2674682241612745,5.358913761620154,2.518981704144996,3.981804808986549,6.329460612897567
2115-01-01,1.8778601770255765,2.9384628051711306,3.791648400989166,5.9758023033389644,1.4229035877208072,1.8841385716541683,3.271112071104409,5.397566565413818,2.510771410887671,3.9926255005783102,6.373156511938833
2116-01-01,1.8699920362430504,2.937235790997716,3.802438864717858,6.01481366113029,1.41192670988295,1.875879163414792,3.273404809680572,5.434227607986786,2.5012300979226807,4.002025916644008,6.41495575390234
2117-01-01,1.86321988446966,2.9370273887833807,3.8141418764878408,6.054719347955421,1.4009890193409609,1.8676620182104424,3.2756241953272585,5.470339301243295,2.491618719466872,4.011300035359191,6.456221882554361
2118-01-01,1.8573739786200056,2.9376634278277503,3.8265799903997983,6.095171815935627,1.3906396760352129,1.8600397028339968,3.278341647951641,5.506498766529251,2.482495041509527,4.021027941992604,6.497568903326185
2119-01-01,1.85733672930441,2.944106131007324,3.8447614434780766,6.141474385281855,1.3813349435145248,1.8534683018197835,3.2820236120011197,5.543186825381997,2.474324860301349,4.03167674116893,6.539485122344269
2120-01-01,1.864041618679116,2.957320658966246,3.869677333497749,6.194802712243538,1.374628626722216,1.849516780648515,3.288277610941647,5.582090093877615,2.468697642579968,4.044873184252372,6.583653067931706
2121-01-01,1.870899459798126,2.970607942258664,3.894541895516316,6.248252039317125,1.3707619074726638,1.8484321962527976,3.2973702041303343,5.623502663011567,2.465869889044006,4.060894367464652,6.630393981373795
2122-01-01,1.8746901704266723,2.9806836853359893,3.9159906734705503,6.298306566362279,1.3688346544720291,1.849310619610312,3.308387341852248,5.666492780375099,2.46493267053004,4.07882129808188,6.67877434426832
2123-01-01,1.8741543569230987,2.986271131206476,3.9326863797454954,6.343555255364967,1.362969149600421,1.8462208469729515,3.3152682627972485,5.704773994875902,2.459897167234752,4.092527187357087,6.72250126418619
2124-01-01,1.8683138886582185,2.9863852583421515,3.943600325470467,6.382940536371585,1.3564971115660656,1.84251559246641,3.321413896287699,5.74194170892367,2.454135207323461,4.105433011368932,6.765025845644165
2125-01-01,1.8592006712862992,2.9830971819149776,3.9508156807053703,6.4185643692078,1.34727379220267,1.8360339444492024,3.3246260944789032,5.775656601120955,2.445469343208029,4.11532094220332,6.804101314527311
2126-01-01,1.8500207852664885,2.9796824609665418,3.957647934797716,6.453862596577391,1.336293084974696,1.82777137723917,3.3259084644427146,5.807010012225603,2.4349005701228186,4.123201092806452,6.840732810922221
2127-01-01,1.8419948727199047,2.977395647921002,3.9653768115116206,6.490201321668496,1.3256178856835137,1.8198122190664463,3.327400350633151,5.838205196432597,2.4245352419123827,4.131235292766852,6.877157469878732
2128-01-01,1.8350521426726336,2.976160944229795,3.973936214782271,6.527557465841255,1.3154519733044476,1.8123654946765384,3.3293244949785463,5.867844718036513,2.4145920120358646,4.139654946063915,6.913645296340448
2129-01-01,1.8290403273170015,2.9758207537563504,3.9831685067126177,6.565768081351825,1.3067074804021,1.8063491745614089,3.3326309057440096,5.900952928432012,2.406003956262041,4.149420909991172,6.9511954365212025
2130-01-01,1.82886700612251,2.9813700502082816,3.9981392070285953,6.610048482784203,1.3006203648776176,1.8030180444921389,3.338611519292887,5.936362442379065,2.4000436079310763,4.161847403150155,6.991180968928157
2131-01-01,1.835478277050663,2.9937899095813094,4.019859742991232,6.661516903776946,1.2993887610058557,1.8045902918453856,3.3495561790028567,5.976288952082866,2.398960397341876,4.179255375807917,7.036024223936182
2132-01-01,1.842290865601701,3.0063862019847694,4.041544584177301,6.713234951262347,1.2970726795007397,1.805082295424067,3.359355849131541,6.014656140132507,2.3967180204738403,4.19547715784764,7.07941767172965
2133-01-01,1.846088151198608,3.0158605414138577,4.059823774317791,6.761659064487826,1.293601639870027,1.804417625187438,3.367916000791695,6.051395876869836,2.393227037685423,4.210407642146197,7.12120239559412
2134-01-01,1.8456054989022568,3.020904043874801,4.073348488995057,6.80535549020512,1.2871803808618334,1.8007774101463103,3.3733610993953422,6.084591118248817,2.386648475919096,4.222143451602942,7.159402385074374
2135-01-01,1.839859399643416,3.020498147073755,4.081070422144378,6.843190294873449,1.277926602710295,1.7942743605739648,3.3757884164216323,6.114303789606145,2.377087251799756,4.230771002659448,7.194069523435344
2136-01-01,1.8308831179407772,3.016713386939182,4.085085417977932,6.877292950423417,1.2665876825708524,1.7856606587493125,3.3759651723543014,6.141330890050065,2.365300062665788,4.237061646107946,7.225993504914472
2137-01-01,1.8218874602493724,3.0128378420697555,4.088736595574541,6.911152451977602,1.2560991172286888,1.7779001511169206,3.3769332938104863,6.168838914438386,2.3542857994998583,4.244098176903277,7.258364019779417
2138-01-01,1.8140779376013847,3.010112441472345,4.09329255275834,6.946118545560905,1.2463754891553729,1.7709124609916918,3.3786252249299604,6.196776212716855,2.343966704300801,4.251816650418529,7.291146007269431
2139-01-01,1.8073647788425755,3.008450456450756,4.098671416726423,6.982117603667439,1.2373804001592192,1.764660080733525,3.381000169779518,6.225116067113313,2.334309046892586,4.260178979347812,7.324309422707981
2140-01-01,1.8015850478739224,3.0076914201739235,4.104710765149525,7.01900966977406,1.2295782010347631,1.7596121654209806,3.384545165645433,6.254367824703669,2.3257881938347205,4.2696768820275866,7.35837262520269
2141-01-01,1.80164175750408,3.012834803931447,4.116488544556018,7.062043670647624,1.2242452978452694,1.757059131168808,3.3905915495253858,6.285914350945315,2.3197122448088843,4.281662406644462,7.394745540824674
2142-01-01,1.8084794615388575,3.0248661031906927,4.135023277661466,7.112363367558975,1.2206746105432928,1.7562739941007917,3.3983893547683017,6.319017189818888,2.315377279233372,4.295382932775699,7.432671187417799
2143-01-01,1.8155147769405424,3.0370799464029785,4.153512223297055,7.162975166538085,1.216329347162212,1.754665162373289,3.4052597605761523,6.350908398421263,2.310214802303345,4.308125173271865,7.469353554341172
2144-01-01,1.8195258501540323,3.046159864037209,4.168566091734541,7.210290979873969,1.2115873916432431,1.7525904174959654,3.411539268403028,6.381911139853191,2.3046003008999123,4.320223362409666,7.505115655073894
2145-01-01,1.8192472501707504,3.0507952180083127,4.17883469831357,7.252855039200311,1.20605854939328,1.749649693734242,3.4168104530943424,6.411589089264098,2.2981437043140915,4.331254550056524,7.539515207054936
2146-01-01,1.8137022218348384,3.049973505744275,4.1832807717469,7.289549196207312,1.1986047919014298,1.7446872391912371,3.419882350434566,6.438702727407638,2.2896853955658263,4.340008510424312,7.571292084622476
2147-01-01,1.804916269068615,3.0457533869174576,4.183989760455412,7.32250232411584,1.1915691302584748,1.7400685918868042,3.423169485345839,6.465742180422247,2.281611260456105,4.348926951523676,7.602949520984382
2148-01-01,1.7960897463750098,3.0414140181484823,4.18429443290329,7.355182822052903,1.184124261894432,1.7349589064292752,3.425828299739904,6.4918636373335605,2.2730899173236128,4.357159375196684,7.633647144744737
2149-01-01,1.7884384330539556,3.041601015575744,4.188923150607848,7.38897727224224,1.1768237252899365,1.7299144231570698,3.4284248094354948,6.517640354625386,2.264685218486153,4.365278958997524,7.6639658578490435
2150-01-01,1.7818789338959524,3.045904652592139,4.197429343741012,7.423860191016259,1.17004442760066,1.725323828087964,3.4312857871761846,6.5432644582409845,2.256757061891942,4.37361648159555,7.694277224437488
